<?xml version="1.0" encoding="UTF-8"?>
<!DOCTYPE hibernate-configuration PUBLIC
		"-//Hibernate/Hibernate Configuration DTD 3.0//EN"
		"http://hibernate.sourceforge.net/hibernate-configuration-3.0.dtd">
<hibernate-configuration>
    <session-factory>
         <property name="hibernate.connection.driver_class">oracle.jdbc.driver.OracleDriver</property>
      <property name="hibernate.connection.url">jdbc:oracle:thin:@10.212.6.114:1521:testdb</property>
      <property name="hibernate.connection.username">train1</property>
      <property name="hibernate.connection.password">train1</property>
      <property name="dialect">org.hibernate.dialect.Oracle10gDialect</property>
      
        <property name="show_sql">true</property>
        <property name="hbm2ddl.auto">create</property>
     <!-- Mapping files -->
        <mapping resource="Group.hbm.xml"/>


    </session-factory>
</hibernate-configuration>
