<?xml version="1.0"?>
<!DOCTYPE hibernate-mapping PUBLIC
"-//Hibernate/Hibernate Mapping DTD 3.0//EN"
"http://hibernate.sourceforge.net/hibernate-mapping-3.0.dtd">
<hibernate-mapping>
    <class name="com.igate.entity.User" table="ListUserTable">
        <meta attribute="class-description">This class contains User details.</meta>
        <id name="id" type="long" column="userId">
            <generator class="hilo" />
        </id>
        <property name="userName" type="string" not-null="true" length="100" />
        <list name="sports" table="ListSportsTable" lazy="false">
            <key column="userId" />
            <list-index column="rank"/>
            <element type="string" column="sportName" not-null="true"/>
        </list>
        
		<list name="address" lazy="false" cascade="all">
            <key column="userId" />
            <list-index column="rank"/>
            <one-to-many class="com.igate.entity.Address" />
        </list>
      </class>

	<class name="com.igate.entity.Address" table="ListAddressTable" >
	    <id name="id" column="addressId">
	        <generator class="hilo"/>
	    </id>	    
	    
	    <property name="city" not-null="true"/>
	    <property name="state" not-null="true"/>
	    <property name="country" not-null="true"/>
	</class>
</hibernate-mapping>
