<?xml version="1.0"?>
<!DOCTYPE hibernate-mapping PUBLIC
"-//Hibernate/Hibernate Mapping DTD 3.0//EN"
"http://hibernate.sourceforge.net/hibernate-mapping-3.0.dtd">
<hibernate-mapping>
    <class name="com.igate.entity.User" table="MapUserTable">
        <meta attribute="class-description">This class contains User details.</meta>
        <id name="id" type="long" column="userId">
            <generator class="hilo" />
        </id>
        <property name="userName" type="string" not-null="true" length="100" />
        <map name="sports" table="MapSportsTable">
            <key column="userId" />
            <map-key type="string" column="ranking"/>
            <element type="string" column="sportName" not-null="true"/>
        </map>
        
		<map name="address" cascade="all">
            <key column="userId" />
            <map-key type="string" column="preference"/>
            <one-to-many class="com.igate.entity.Address" />
        </map>
      </class>

	<class name="com.igate.entity.Address" table="MapAddressTable">
	    <id name="id" column="addressId">
	        <generator class="hilo"/>
	    </id>	    
	    
	    <property name="city" not-null="true"/>
	    <property name="state" not-null="true"/>
	    <property name="country" not-null="true"/>
	</class>
</hibernate-mapping>
