<?xml version="1.0" encoding="UTF-8"?>
<!DOCTYPE hibernate-configuration PUBLIC
		"-//Hibernate/Hibernate Configuration DTD 3.0//EN"
		"http://hibernate.sourceforge.net/hibernate-configuration-3.0.dtd">
		
<hibernate-configuration>
    <session-factory>
    
    
    
    
        <!-- Database Configuration -->
        <property name="hibernate.connection.driver_class">oracle.jdbc.driver.OracleDriver</property>
        <property name="hibernate.connection.url">jdbc:oracle:thin:@10.212.74.18:1521:testdb</property>
        <property name="hibernate.connection.username">train1</property>
        <property name="hibernate.connection.password">train1</property>
        <property name="dialect">org.hibernate.dialect.Oracle10gDialect</property>
        <property name="show_sql">true</property>
        <!-- Below property specifies ddl operation to be done. 
        Possible values are create, update,validate and create-drop  -->      
        <property name="hibernate.hbm2ddl.auto">create</property>
                
        <!-- Mapping the domain model using the mapping element -->        
        <mapping resource="Student.hbm.xml"/>
        
     </session-factory>
     
</hibernate-configuration>