<?xml version="1.0"?>
<!DOCTYPE hibernate-mapping PUBLIC
"-//Hibernate/Hibernate Mapping DTD 3.0//EN"
"http://hibernate.sourceforge.net/hibernate-mapping-3.0.dtd">
<hibernate-mapping>
	<class name="com.igate.entity.Student" table="STUDENT">
		<meta attribute="class-description">This class contains student details.</meta>
		<id name="studentId" type="long" column="STUDENT_ID">
			<generator class="native" />
		</id>
		<property name="studentName" type="string" not-null="true"
			column="STUDENT_NAME" />
		<component name="studentAddress" class="com.igate.entity.Address">
			<property name="street" column="ADDRESS_STREET" type="string"
				length="250" />
			<property name="city" column="ADDRESS_CITY" type="string"
				length="50" />
			<property name="state" column="ADDRESS_STATE" type="string"
				length="50" />
			<property name="zipcode" column="ADDRESS_ZIPCODE" type="string"
				length="10" />
		</component>
	</class>
</hibernate-mapping>
