<?xml version='1.0' encoding='utf-8'?>
<!DOCTYPE hibernate-configuration PUBLIC
        "-//Hibernate/Hibernate Configuration DTD 3.0//EN"        "http://hibernate.sourceforge.net/hibernate-configuration-3.0.dtd">
        
<hibernate-configuration>
    <session-factory>
    
    
    
        <!-- Database connection settings -->
        <property name="connection.driver_class">oracle.jdbc.driver.OracleDriver</property>
        <property name="connection.url">jdbc:oracle:thin:@10.212.6.114:1521:testdb</property>
        <property name="connection.username">train1</property>
        <property name="connection.password">train1</property>
    
    
        
        <!-- JDBC connection pool (use the built-in) -->
        <property name="connection.provider_class">
           org.hibernate.connection.C3P0ConnectionProvider
        </property>    
         <property name="c3p0.minPoolSize">5</property>
         <property name="c3p0.timeout">1000</property>
    <!-- <property name="connection.pool_size">10</property>-->
    
    

        <!-- SQL dialect -->
		<property name="dialect">org.hibernate.dialect.Oracle10gDialect</property>

        <!-- Enable Hibernate's automatic session context management 
        <property name="current_session_context_class">thread</property>-->



        <!-- Enable the second-level cache  -->     
    	<property name="hibernate.cache.use_query_cache">true</property>
        <property name="hibernate.cache.use_second_level_cache">true</property>
        <property name="hibernate.cache.provider_class">org.hibernate.cache.EhCacheProvider</property>



        <!-- Echo all executed SQL to stdout -->
        <property name="show_sql">true</property>

        <!-- Drop and re-create the database schema on startup -->
        <property name="hbm2ddl.auto">create</property>

		<mapping resource="Student.hbm.xml"/>
		
    </session-factory>
</hibernate-configuration>