<?xml version="1.0"?>
<!DOCTYPE hibernate-mapping PUBLIC
"-//Hibernate/Hibernate Mapping DTD 3.0//EN"
"http://hibernate.sourceforge.net/hibernate-mapping-3.0.dtd">
<hibernate-mapping>
    <class name="com.igate.entity.Student" table="STUDENT">
        <meta attribute="class-description">This class contains student details.</meta>
        
        <cache usage="read-write"/>
        
        <id name="studentId" type="long" column="STUDENT_ID">
            <generator class="assigned" />
        </id>
        <property name="studentName" type="string" not-null="true" length="100" column="STUDENT_NAME" />
       
    </class>
</hibernate-mapping>
