<?xml version="1.0"?>
<!DOCTYPE hibernate-mapping PUBLIC
"-//Hibernate/Hibernate Mapping DTD 3.0//EN"
"http://hibernate.sourceforge.net/hibernate-mapping-3.0.dtd">
<hibernate-mapping>
    <class name="com.igate.entity.User" table="SetUserTable">
        <meta attribute="class-description">This class contains User details.</meta>
        <id name="id" type="long" column="userId">
            <generator class="hilo" />
        </id>
        <property name="userName" type="string" not-null="true" length="100" />
        <set name="sports" table="SetSportsTable" lazy="false">
            <key column="userId" />
            <element type="string" column="sportName" not-null="true"/>
        </set>
        
		<set name="address" lazy="false" cascade="save-update">
            <key column="userId" />
            <one-to-many class="com.igate.entity.Address" />
        </set>
      </class>

	<class name="com.igate.entity.Address" table="SetAddressTable">
	    <id name="id" column="addressId">
	        <generator class="hilo"/>
	    </id>	    
	    
	    <property name="city" not-null="true"/>
	    <property name="state" not-null="true"/>
	    <property name="country" not-null="true"/>
	</class>
</hibernate-mapping>
